Model,Accuracy,Precision,Recall,F1-Score
Baseline Decision Tree,0.9995841995841996,0.9995843906947246,0.9995841995841996,0.9995841147468282
Optimized Decision Tree,0.9994802494802495,0.9994811105848954,0.9994802494802495,0.9994803988087633
Baseline Random Forest,0.9998960498960499,0.9998961190118106,0.9998960498960499,0.9998960635630673
Optimized Random Forest,1.0,1.0,1.0,1.0
