Model,Accuracy,Precision,Recall,F1-Score,Log Loss
Baseline Logistic Regression,0.9913721413721414,0.9915037482735987,0.9913721413721414,0.9914158498699237,0.019274917444838047
Optimized Logistic Regression,0.9957380457380457,0.9957931685132836,0.9957380457380457,0.9957531908733954,0.010067149159298629
