Model,Accuracy,Precision,Recall,F1-Score,Log Loss
Baseline Logistic Regression,0.7467775467775468,0.5576767043710911,0.7467775467775468,0.6385205779635678,0.7356943929105265
Optimized Logistic Regression,0.7467775467775468,0.5576767043710911,0.7467775467775468,0.6385205779635678,0.7343936827501706
