Model,Accuracy,Precision,Recall,F1-Score
Baseline Decision Tree,0.5681912681912682,0.5850150000084211,0.5681912681912682,0.5763404610049788
Optimized Decision Tree,0.7463617463617463,0.5772820194870757,0.7463617463617463,0.638586890966779
Baseline Random Forest,0.7467775467775468,0.5576767043710911,0.7467775467775468,0.6385205779635678
Optimized Random Forest,0.7467775467775468,0.5576767043710911,0.7467775467775468,0.6385205779635678
